Rep,Pop_Size,Ad_Sex_Ratio,Ad_Juv_Ratio,within_omu_relat_mean,within_omu_relat_var,across_omu_relat_mean,across_omu_relat_var
0,495,1.811764705882353,0.93359375,0.020395992366412215,0.86860016102099247,0.010869098712446353,27.91715740678648
1,632,1.6581196581196582,0.9688473520249221,0.029924242424242423,1.8053740530303037,0.0086558087680534603,35.530321601856159
