Rep,Pop_Size,Ad_Sex_Ratio,Ad_Juv_Ratio,within_omu_relat_mean,within_omu_relat_var,across_omu_relat_mean,across_omu_relat_var
0,758,1.711111111111111,0.9336734693877551,0.026017441860465115,1.9882539970930231,0.0079853534155597729,47.445806944990075
1,680,1.565891472868217,0.9484240687679083,0.011742424242424242,0.64326467803030296,0.0084786731475963457,35.93616278871545
